food_id,name,text,image_url,quantity,measure,weight
a4bb5275-7c2a-4893-9c55-cb9d6cc55367,sugar,"Sed sagittis. Nam congue, risus semper porta volutpat, quam pede lobortis ligula, sit amet eleifend pede libero quis orci. Nullam molestie nibh in lectus.",http://dummyimage.com/196x231.png/ff4444/ffffff,25,teaspoon,80
515e220a-bc18-49ae-9ccc-19ba9fba22e5,almond extract,"Sed sagittis. Nam congue, risus semper porta volutpat, quam pede lobortis ligula, sit amet eleifend pede libero quis orci. Nullam molestie nibh in lectus.",http://dummyimage.com/139x202.png/cc0000/ffffff,16,gram,19
64c599c5-b922-4149-af57-37d310d568ac,cinnamon,"Proin interdum mauris non ligula pellentesque ultrices. Phasellus id sapien in sapien iaculis congue. Vivamus metus arcu, adipiscing molestie, hendrerit at, vulputate vitae, nisl.",http://dummyimage.com/221x181.png/5fa2dd/ffffff,32,kilogram,49
14a93fce-2831-4504-937c-d66cc0733237,honey,"Curabitur in libero ut massa volutpat convallis. Morbi odio odio, elementum eu, interdum eu, tincidunt in, leo. Maecenas pulvinar lobortis est.",http://dummyimage.com/229x176.png/dddddd/000000,55,milliliter,24
05366694-b40d-43a6-9ffa-7433f6c43b97,turmeric,Duis bibendum. Morbi non quam nec dui luctus rutrum. Nulla tellus.,http://dummyimage.com/224x243.png/ff4444/ffffff,97,dash,31
63b922d2-7374-4445-8432-7cd1caea01dd,thyme,Phasellus in felis. Donec semper sapien a libero. Nam dui.,http://dummyimage.com/118x170.png/cc0000/ffffff,72,teaspoon,8
629d6feb-1588-4eb5-a632-fd769b4eb2d2,cayenne pepper,"Cras mi pede, malesuada in, imperdiet et, commodo vulputate, justo. In blandit ultrices enim. Lorem ipsum dolor sit amet, consectetuer adipiscing elit.",http://dummyimage.com/137x177.png/dddddd/000000,11,gallon,91
5065397f-24d4-44d2-a910-27160a5b0e2e,barbecue sauce,"Proin interdum mauris non ligula pellentesque ultrices. Phasellus id sapien in sapien iaculis congue. Vivamus metus arcu, adipiscing molestie, hendrerit at, vulputate vitae, nisl.",http://dummyimage.com/221x224.png/dddddd/000000,17,fluid ounce,28
2565dadc-dcdf-4303-80e7-9b31286ab697,onion,"Vestibulum ac est lacinia nisi venenatis tristique. Fusce congue, diam id ornare imperdiet, sapien urna pretium nisl, ut volutpat sapien arcu sed augue. Aliquam erat volutpat.",http://dummyimage.com/189x113.png/dddddd/000000,31,teaspoon,63
f9a86039-898c-435f-b539-5762b3ba8ace,mirin,In hac habitasse platea dictumst. Etiam faucibus cursus urna. Ut tellus.,http://dummyimage.com/118x249.png/5fa2dd/ffffff,30,quart,88
03b0b2f4-fcdd-4205-9378-44692beb49e7,coconut flakes,"In hac habitasse platea dictumst. Morbi vestibulum, velit id pretium iaculis, diam erat fermentum justo, nec condimentum neque sapien placerat ante. Nulla justo.",http://dummyimage.com/162x231.png/dddddd/000000,10,quart,55
f7475015-3f1e-445e-9580-b3deb359cece,cocoa powder,Suspendisse potenti. In eleifend quam a odio. In hac habitasse platea dictumst.,http://dummyimage.com/193x158.png/dddddd/000000,89,fluid ounce,96
ece536c0-416a-42a3-ba4c-7f6ccdb7136c,oregano,"Quisque id justo sit amet sapien dignissim vestibulum. Vestibulum ante ipsum primis in faucibus orci luctus et ultrices posuere cubilia Curae; Nulla dapibus dolor vel est. Donec odio justo, sollicitudin ut, suscipit a, feugiat et, eros.",http://dummyimage.com/246x232.png/cc0000/ffffff,31,kilogram,16
d8016be7-e9e9-4649-a12a-897f2b3221ae,paprika,Nullam porttitor lacus at turpis. Donec posuere metus vitae ipsum. Aliquam non mauris.,http://dummyimage.com/116x208.png/5fa2dd/ffffff,52,dash,35
dd2381ef-63f2-4ce8-8f08-6a4b6c3842b4,lemon,"Quisque porta volutpat erat. Quisque erat eros, viverra eget, congue eget, semper rutrum, nulla. Nunc purus.",http://dummyimage.com/155x250.png/ff4444/ffffff,5,kilogram,73
4869988b-b5aa-4595-acae-bf47f20865ff,sesame oil,Pellentesque at nulla. Suspendisse potenti. Cras in purus eu magna vulputate luctus.,http://dummyimage.com/204x239.png/5fa2dd/ffffff,12,pinch,7
ccae14a1-f20a-47bd-ae5f-2e9870c833c1,rice vinegar,"Proin interdum mauris non ligula pellentesque ultrices. Phasellus id sapien in sapien iaculis congue. Vivamus metus arcu, adipiscing molestie, hendrerit at, vulputate vitae, nisl.",http://dummyimage.com/133x220.png/dddddd/000000,9,milliliter,6
99696d4c-fdf1-4594-ad2d-815963c6fa8c,pecans,Nullam sit amet turpis elementum ligula vehicula consequat. Morbi a ipsum. Integer a nibh.,http://dummyimage.com/107x198.png/5fa2dd/ffffff,1,milliliter,22
8deebdf2-364e-46be-b232-f90fe9b16703,nutmeg,"Duis bibendum, felis sed interdum venenatis, turpis enim blandit mi, in porttitor pede justo eu massa. Donec dapibus. Duis at velit eu est congue elementum.",http://dummyimage.com/130x182.png/cc0000/ffffff,87,gallon,25
b112344a-3e3c-42d3-b32f-0e6ae13916f3,eggs,Fusce consequat. Nulla nisl. Nunc nisl.,http://dummyimage.com/227x237.png/ff4444/ffffff,46,quart,71
f18f20a1-7074-4a6b-bda8-8b2a93e8ff68,lemon,In hac habitasse platea dictumst. Etiam faucibus cursus urna. Ut tellus.,http://dummyimage.com/162x166.png/cc0000/ffffff,65,fluid ounce,56
824edcb2-7f51-4d5a-aee9-a8c559bb199c,baking powder,Duis consequat dui nec nisi volutpat eleifend. Donec ut dolor. Morbi vel lectus in quam fringilla rhoncus.,http://dummyimage.com/107x154.png/5fa2dd/ffffff,35,teaspoon,73
01b5cd0a-8c6f-45ef-abe8-fa3caa052802,oregano,"In sagittis dui vel nisl. Duis ac nibh. Fusce lacus purus, aliquet at, feugiat non, pretium quis, lectus.",http://dummyimage.com/223x245.png/5fa2dd/ffffff,59,fluid ounce,45
6621f111-cde0-46ab-94ac-257d0501a69d,olive oil,Duis consequat dui nec nisi volutpat eleifend. Donec ut dolor. Morbi vel lectus in quam fringilla rhoncus.,http://dummyimage.com/187x128.png/cc0000/ffffff,80,pint,45
bc2168c4-cc89-4a2c-a27c-7cdb7374464e,ketchup,Integer tincidunt ante vel ipsum. Praesent blandit lacinia erat. Vestibulum sed magna at nunc commodo placerat.,http://dummyimage.com/225x224.png/ff4444/ffffff,77,gallon,52
8c1a8b74-a637-4a4e-b6a2-8e2c87afe72e,soy sauce,"Vestibulum ac est lacinia nisi venenatis tristique. Fusce congue, diam id ornare imperdiet, sapien urna pretium nisl, ut volutpat sapien arcu sed augue. Aliquam erat volutpat.",http://dummyimage.com/102x106.png/dddddd/000000,91,dash,73
4e5a4626-864c-4914-86a0-5d5b25896271,soy sauce,"Morbi porttitor lorem id ligula. Suspendisse ornare consequat lectus. In est risus, auctor sed, tristique in, tempus sit amet, sem.",http://dummyimage.com/166x107.png/ff4444/ffffff,39,milliliter,97
c38be20f-655e-46d1-9a22-ed08d7bdd187,milk,Cras non velit nec nisi vulputate nonummy. Maecenas tincidunt lacus at velit. Vivamus vel nulla eget eros elementum pellentesque.,http://dummyimage.com/229x230.png/cc0000/ffffff,97,kilogram,89
23b17a94-268e-44f8-99b6-f1919df334e9,walnuts,Duis consequat dui nec nisi volutpat eleifend. Donec ut dolor. Morbi vel lectus in quam fringilla rhoncus.,http://dummyimage.com/239x246.png/dddddd/000000,89,quart,43
280329cf-15e8-4181-ac67-b7fcc754fad0,coconut milk,"Duis bibendum, felis sed interdum venenatis, turpis enim blandit mi, in porttitor pede justo eu massa. Donec dapibus. Duis at velit eu est congue elementum.",http://dummyimage.com/120x232.png/dddddd/000000,62,quart,12
f9f71dfc-49f5-429c-bd89-d358a8096ec9,vanilla extract,"Cum sociis natoque penatibus et magnis dis parturient montes, nascetur ridiculus mus. Vivamus vestibulum sagittis sapien. Cum sociis natoque penatibus et magnis dis parturient montes, nascetur ridiculus mus.",http://dummyimage.com/106x240.png/dddddd/000000,15,pinch,50
cb451385-17db-4f03-b4f5-37fd38a67b15,salt,"Cum sociis natoque penatibus et magnis dis parturient montes, nascetur ridiculus mus. Vivamus vestibulum sagittis sapien. Cum sociis natoque penatibus et magnis dis parturient montes, nascetur ridiculus mus.",http://dummyimage.com/108x174.png/cc0000/ffffff,42,gallon,36
cd6b0182-2714-4f66-8fc6-5215e521d756,lemon,"Vestibulum quam sapien, varius ut, blandit non, interdum in, ante. Vestibulum ante ipsum primis in faucibus orci luctus et ultrices posuere cubilia Curae; Duis faucibus accumsan odio. Curabitur convallis.",http://dummyimage.com/109x159.png/5fa2dd/ffffff,35,kilogram,22
c7bad9a0-448a-4baa-8cd3-44bd55ecba6b,ketchup,Nulla ut erat id mauris vulputate elementum. Nullam varius. Nulla facilisi.,http://dummyimage.com/145x222.png/dddddd/000000,37,teaspoon,51
59811ef1-9ce1-4c47-8e40-26d986a6b3b8,pecans,"In sagittis dui vel nisl. Duis ac nibh. Fusce lacus purus, aliquet at, feugiat non, pretium quis, lectus.",http://dummyimage.com/197x202.png/dddddd/000000,68,milliliter,83
39b2c5b9-df53-4bcf-98b8-59654a19446c,cinnamon,"In hac habitasse platea dictumst. Morbi vestibulum, velit id pretium iaculis, diam erat fermentum justo, nec condimentum neque sapien placerat ante. Nulla justo.",http://dummyimage.com/180x203.png/5fa2dd/ffffff,70,dash,4
98cc49ec-a89e-432c-97e5-dafa5589784e,mirin,"Curabitur gravida nisi at nibh. In hac habitasse platea dictumst. Aliquam augue quam, sollicitudin vitae, consectetuer eget, rutrum at, lorem.",http://dummyimage.com/128x185.png/dddddd/000000,31,fluid ounce,69
2224fd26-dc12-4303-b215-42c14ea30932,honey,"Cum sociis natoque penatibus et magnis dis parturient montes, nascetur ridiculus mus. Vivamus vestibulum sagittis sapien. Cum sociis natoque penatibus et magnis dis parturient montes, nascetur ridiculus mus.",http://dummyimage.com/145x104.png/ff4444/ffffff,34,dash,44
49632f32-66c9-4518-9352-73959b040f93,ginger,"Cum sociis natoque penatibus et magnis dis parturient montes, nascetur ridiculus mus. Vivamus vestibulum sagittis sapien. Cum sociis natoque penatibus et magnis dis parturient montes, nascetur ridiculus mus.",http://dummyimage.com/237x169.png/ff4444/ffffff,24,gallon,88
79593172-b735-43aa-81e7-f72d186e5e07,lime,"In sagittis dui vel nisl. Duis ac nibh. Fusce lacus purus, aliquet at, feugiat non, pretium quis, lectus.",http://dummyimage.com/128x161.png/ff4444/ffffff,37,teaspoon,50
8ddfb446-2c32-4fbb-af4e-8eddb71cec50,nutmeg,"Morbi non lectus. Aliquam sit amet diam in magna bibendum imperdiet. Nullam orci pede, venenatis non, sodales sed, tincidunt eu, felis.",http://dummyimage.com/179x202.png/ff4444/ffffff,80,pinch,74
72b04cde-e9d3-4842-93fe-b1ac734d8621,thyme,Nullam porttitor lacus at turpis. Donec posuere metus vitae ipsum. Aliquam non mauris.,http://dummyimage.com/205x128.png/5fa2dd/ffffff,98,quart,24
842ab619-daa5-43e0-9877-21a85912b94c,milk,Integer ac leo. Pellentesque ultrices mattis odio. Donec vitae nisi.,http://dummyimage.com/169x111.png/cc0000/ffffff,71,teaspoon,84
51b18a29-4136-4c81-bc18-fb04caa7708e,vanilla extract,"Nam ultrices, libero non mattis pulvinar, nulla pede ullamcorper augue, a suscipit nulla elit ac nulla. Sed vel enim sit amet nunc viverra dapibus. Nulla suscipit ligula in lacus.",http://dummyimage.com/184x194.png/5fa2dd/ffffff,31,pinch,36
247bee96-5372-42c3-9f2c-3cb9c53c816a,coriander,"Curabitur gravida nisi at nibh. In hac habitasse platea dictumst. Aliquam augue quam, sollicitudin vitae, consectetuer eget, rutrum at, lorem.",http://dummyimage.com/212x222.png/ff4444/ffffff,61,kilogram,35
76e4ea5f-8983-41c1-a903-6e2937a2300f,honey,Aenean lectus. Pellentesque eget nunc. Donec quis orci eget orci vehicula condimentum.,http://dummyimage.com/121x222.png/ff4444/ffffff,82,quart,14
86382283-0506-488f-8fb8-87cdcce26fff,cayenne pepper,Etiam vel augue. Vestibulum rutrum rutrum neque. Aenean auctor gravida sem.,http://dummyimage.com/201x177.png/5fa2dd/ffffff,29,kilogram,29
266b9d8e-3b7d-4bac-8a48-983d9f8e55c2,sriracha,"Morbi non lectus. Aliquam sit amet diam in magna bibendum imperdiet. Nullam orci pede, venenatis non, sodales sed, tincidunt eu, felis.",http://dummyimage.com/242x139.png/dddddd/000000,39,kilogram,71
fbd7a457-54be-474e-8acd-3e78013b25d8,pepper,"Duis bibendum, felis sed interdum venenatis, turpis enim blandit mi, in porttitor pede justo eu massa. Donec dapibus. Duis at velit eu est congue elementum.",http://dummyimage.com/123x210.png/ff4444/ffffff,31,teaspoon,27
ce7db2ea-5f20-488a-a008-c4bded46e2da,cardamom,"Praesent blandit. Nam nulla. Integer pede justo, lacinia eget, tincidunt eget, tempus vel, pede.",http://dummyimage.com/148x101.png/5fa2dd/ffffff,97,pint,3
8b75013e-96c9-450c-9301-439582012c07,molasses,"Proin interdum mauris non ligula pellentesque ultrices. Phasellus id sapien in sapien iaculis congue. Vivamus metus arcu, adipiscing molestie, hendrerit at, vulputate vitae, nisl.",http://dummyimage.com/191x227.png/ff4444/ffffff,4,pinch,26
f0e3c24d-0ee2-4c3a-9777-2bb815830627,rice vinegar,"Proin interdum mauris non ligula pellentesque ultrices. Phasellus id sapien in sapien iaculis congue. Vivamus metus arcu, adipiscing molestie, hendrerit at, vulputate vitae, nisl.",http://dummyimage.com/234x236.png/5fa2dd/ffffff,33,dash,20
3e7d5b2a-bbb3-444d-8028-10aef237eb0b,mayonnaise,"Proin leo odio, porttitor id, consequat in, consequat ut, nulla. Sed accumsan felis. Ut at dolor quis odio consequat varius.",http://dummyimage.com/243x206.png/cc0000/ffffff,31,gram,15
e32b5c60-ef2a-4b14-8dd9-067bf236cf4a,onion,Pellentesque at nulla. Suspendisse potenti. Cras in purus eu magna vulputate luctus.,http://dummyimage.com/155x165.png/5fa2dd/ffffff,94,teaspoon,35
cdea94e5-4b55-4091-8cf2-80bfb16853a5,tomato,Sed ante. Vivamus tortor. Duis mattis egestas metus.,http://dummyimage.com/204x222.png/cc0000/ffffff,78,dash,100
fb19afc2-02bd-4c98-bee5-6ec522614e58,salt,"Lorem ipsum dolor sit amet, consectetuer adipiscing elit. Proin risus. Praesent lectus.",http://dummyimage.com/166x182.png/5fa2dd/ffffff,99,pint,5
72c84f68-18c9-40d8-829a-43fcadf34fbe,salt,"Quisque id justo sit amet sapien dignissim vestibulum. Vestibulum ante ipsum primis in faucibus orci luctus et ultrices posuere cubilia Curae; Nulla dapibus dolor vel est. Donec odio justo, sollicitudin ut, suscipit a, feugiat et, eros.",http://dummyimage.com/184x124.png/cc0000/ffffff,54,gallon,86
76481679-3c21-4b04-ba90-39def0f6323a,mirin,In congue. Etiam justo. Etiam pretium iaculis justo.,http://dummyimage.com/245x244.png/5fa2dd/ffffff,32,gram,95
8cfbcf68-ada2-4e2e-bbd6-edbd90244d0f,tomato,"In sagittis dui vel nisl. Duis ac nibh. Fusce lacus purus, aliquet at, feugiat non, pretium quis, lectus.",http://dummyimage.com/233x117.png/cc0000/ffffff,79,kilogram,26
b9ebaa8d-4447-44b2-8a26-1c35c094df24,turmeric,"Quisque porta volutpat erat. Quisque erat eros, viverra eget, congue eget, semper rutrum, nulla. Nunc purus.",http://dummyimage.com/118x215.png/5fa2dd/ffffff,16,pint,21
c1e2b817-3f12-4f1f-896e-98c43d959e22,olive oil,Fusce consequat. Nulla nisl. Nunc nisl.,http://dummyimage.com/197x105.png/ff4444/ffffff,15,kilogram,81
0f8a8c41-4376-4265-a7a6-e20ff2f5e193,cayenne pepper,Integer tincidunt ante vel ipsum. Praesent blandit lacinia erat. Vestibulum sed magna at nunc commodo placerat.,http://dummyimage.com/159x126.png/5fa2dd/ffffff,50,fluid ounce,81
0e278fb1-5ff8-48e6-8fca-9d16dcbe54a4,milk,Phasellus sit amet erat. Nulla tempus. Vivamus in felis eu sapien cursus vestibulum.,http://dummyimage.com/174x220.png/dddddd/000000,54,kilogram,17
787f65fa-de94-4dbb-9312-f3122853c64b,ketchup,"Praesent blandit. Nam nulla. Integer pede justo, lacinia eget, tincidunt eget, tempus vel, pede.",http://dummyimage.com/110x107.png/ff4444/ffffff,27,dash,8
36f07a7e-9913-43c0-919f-30ee75242834,basil,"Curabitur in libero ut massa volutpat convallis. Morbi odio odio, elementum eu, interdum eu, tincidunt in, leo. Maecenas pulvinar lobortis est.",http://dummyimage.com/186x223.png/5fa2dd/ffffff,89,pinch,15
57c33abc-22db-4773-9a1b-b29e79b797fd,hot sauce,"Fusce posuere felis sed lacus. Morbi sem mauris, laoreet ut, rhoncus aliquet, pulvinar sed, nisl. Nunc rhoncus dui vel sem.",http://dummyimage.com/193x145.png/cc0000/ffffff,9,fluid ounce,59
68d0a335-7e03-473e-b9e9-661d684d7ece,lime,"Duis bibendum, felis sed interdum venenatis, turpis enim blandit mi, in porttitor pede justo eu massa. Donec dapibus. Duis at velit eu est congue elementum.",http://dummyimage.com/122x185.png/5fa2dd/ffffff,89,kilogram,13
6c5108c8-a097-4764-8c4a-270f17890b1e,cardamom,Duis consequat dui nec nisi volutpat eleifend. Donec ut dolor. Morbi vel lectus in quam fringilla rhoncus.,http://dummyimage.com/149x109.png/dddddd/000000,49,pint,80
dd782b84-7bfa-4354-9d5a-f6f040657c95,paprika,Fusce consequat. Nulla nisl. Nunc nisl.,http://dummyimage.com/115x155.png/ff4444/ffffff,31,gallon,1
e2ad6612-6874-4c4e-ace6-a1c82dda2fb2,parsley,"Fusce posuere felis sed lacus. Morbi sem mauris, laoreet ut, rhoncus aliquet, pulvinar sed, nisl. Nunc rhoncus dui vel sem.",http://dummyimage.com/130x126.png/ff4444/ffffff,42,pinch,53
be55c9ab-fc32-4890-ae5f-f394d6e258a6,wasabi,"Proin eu mi. Nulla ac enim. In tempor, turpis nec euismod scelerisque, quam turpis adipiscing lorem, vitae mattis nibh ligula nec sem.",http://dummyimage.com/136x144.png/5fa2dd/ffffff,37,fluid ounce,49
c8198b4c-fcf0-45c0-8de9-8a33adb36753,mirin,"Lorem ipsum dolor sit amet, consectetuer adipiscing elit. Proin risus. Praesent lectus.",http://dummyimage.com/144x232.png/dddddd/000000,63,gram,54
e6ee14b8-7f3c-46e9-ab2d-d10e1c46fa3f,honey,"In sagittis dui vel nisl. Duis ac nibh. Fusce lacus purus, aliquet at, feugiat non, pretium quis, lectus.",http://dummyimage.com/245x164.png/5fa2dd/ffffff,88,fluid ounce,6
ebedb6d5-3632-408e-9f5b-7959ca9b2427,mustard,In congue. Etiam justo. Etiam pretium iaculis justo.,http://dummyimage.com/250x110.png/cc0000/ffffff,12,dash,69
4d8a4ddc-e418-4e30-bccb-28c20421a7a4,molasses,"In hac habitasse platea dictumst. Morbi vestibulum, velit id pretium iaculis, diam erat fermentum justo, nec condimentum neque sapien placerat ante. Nulla justo.",http://dummyimage.com/174x127.png/ff4444/ffffff,4,pinch,27
61a47299-307c-40f4-a64c-4bbc91348c81,hot sauce,Fusce consequat. Nulla nisl. Nunc nisl.,http://dummyimage.com/240x148.png/dddddd/000000,51,pinch,38
bbe2e64e-ecac-4608-80e7-94a2f1088628,olive oil,"Morbi porttitor lorem id ligula. Suspendisse ornare consequat lectus. In est risus, auctor sed, tristique in, tempus sit amet, sem.",http://dummyimage.com/104x212.png/dddddd/000000,34,kilogram,17
358c62a6-da82-4733-a748-fdf921747b3e,pecans,"Fusce posuere felis sed lacus. Morbi sem mauris, laoreet ut, rhoncus aliquet, pulvinar sed, nisl. Nunc rhoncus dui vel sem.",http://dummyimage.com/247x184.png/dddddd/000000,70,pint,80
f428d55b-3818-4120-a97d-6cd5423a2e8b,parsley,Phasellus in felis. Donec semper sapien a libero. Nam dui.,http://dummyimage.com/242x112.png/dddddd/000000,99,milliliter,91
25a04481-e8f9-4508-8d25-a1d93d4aa67c,lemon,"Nam ultrices, libero non mattis pulvinar, nulla pede ullamcorper augue, a suscipit nulla elit ac nulla. Sed vel enim sit amet nunc viverra dapibus. Nulla suscipit ligula in lacus.",http://dummyimage.com/230x186.png/ff4444/ffffff,51,fluid ounce,87
d3bdc9c7-3fbc-4b90-9385-eaba3bcb6d5a,honey,Praesent id massa id nisl venenatis lacinia. Aenean sit amet justo. Morbi ut odio.,http://dummyimage.com/249x161.png/cc0000/ffffff,77,gram,24
852c5d9c-f670-4dc4-9a24-f5b87f03b702,wasabi,"Maecenas leo odio, condimentum id, luctus nec, molestie sed, justo. Pellentesque viverra pede ac diam. Cras pellentesque volutpat dui.",http://dummyimage.com/157x240.png/ff4444/ffffff,70,fluid ounce,84
5fb95aef-2d14-43a0-b4f5-9a4e34a8ba5d,wasabi,Maecenas ut massa quis augue luctus tincidunt. Nulla mollis molestie lorem. Quisque ut erat.,http://dummyimage.com/165x183.png/5fa2dd/ffffff,58,dash,84
a39a00e3-36d0-4b23-a379-74e60b95013c,baking powder,Aenean lectus. Pellentesque eget nunc. Donec quis orci eget orci vehicula condimentum.,http://dummyimage.com/206x164.png/cc0000/ffffff,86,dash,59
4d3d3106-5d74-4fa2-b0a9-060889178333,tomato,"Duis bibendum, felis sed interdum venenatis, turpis enim blandit mi, in porttitor pede justo eu massa. Donec dapibus. Duis at velit eu est congue elementum.",http://dummyimage.com/243x186.png/cc0000/ffffff,42,kilogram,65
983871da-4856-472b-a7fc-68d36b2163df,coconut milk,Etiam vel augue. Vestibulum rutrum rutrum neque. Aenean auctor gravida sem.,http://dummyimage.com/224x125.png/ff4444/ffffff,88,dash,31
95249694-4b00-4ed1-842f-31fd64f0f010,mustard,"Sed sagittis. Nam congue, risus semper porta volutpat, quam pede lobortis ligula, sit amet eleifend pede libero quis orci. Nullam molestie nibh in lectus.",http://dummyimage.com/127x227.png/cc0000/ffffff,66,kilogram,67
1572943b-9980-441f-923c-bbfe7e253f96,ginger,"Duis bibendum, felis sed interdum venenatis, turpis enim blandit mi, in porttitor pede justo eu massa. Donec dapibus. Duis at velit eu est congue elementum.",http://dummyimage.com/161x224.png/cc0000/ffffff,61,fluid ounce,28
9edb3a8b-7c5a-48e5-bbcb-4242f36a76a1,garlic,"Vestibulum quam sapien, varius ut, blandit non, interdum in, ante. Vestibulum ante ipsum primis in faucibus orci luctus et ultrices posuere cubilia Curae; Duis faucibus accumsan odio. Curabitur convallis.",http://dummyimage.com/229x198.png/dddddd/000000,11,gram,21
ebca5117-ceec-4bc4-a395-97dbb0da06ce,tomato,Integer ac leo. Pellentesque ultrices mattis odio. Donec vitae nisi.,http://dummyimage.com/231x193.png/cc0000/ffffff,56,gallon,13
f9a5f916-0626-41f4-a81c-0b3e08af287c,sugar,Suspendisse potenti. In eleifend quam a odio. In hac habitasse platea dictumst.,http://dummyimage.com/249x216.png/5fa2dd/ffffff,73,gram,19
8eaba07a-1d97-4966-b67e-f207c39f44fa,molasses,Duis aliquam convallis nunc. Proin at turpis a pede posuere nonummy. Integer non velit.,http://dummyimage.com/159x133.png/5fa2dd/ffffff,95,dash,20
868793f1-5548-4f2e-b61b-81847a171e20,nutmeg,"Curabitur in libero ut massa volutpat convallis. Morbi odio odio, elementum eu, interdum eu, tincidunt in, leo. Maecenas pulvinar lobortis est.",http://dummyimage.com/160x110.png/cc0000/ffffff,43,dash,63
d12e2a1b-f156-4bbc-8143-3f938b36511b,barbecue sauce,"Lorem ipsum dolor sit amet, consectetuer adipiscing elit. Proin risus. Praesent lectus.",http://dummyimage.com/175x249.png/cc0000/ffffff,67,fluid ounce,87
6842876b-95c9-41ab-a583-7a1b79bc4d21,lime,"Morbi porttitor lorem id ligula. Suspendisse ornare consequat lectus. In est risus, auctor sed, tristique in, tempus sit amet, sem.",http://dummyimage.com/127x136.png/5fa2dd/ffffff,54,dash,39
570d18d3-dc6b-4720-ba2d-cf1bef3fd751,olive oil,"In hac habitasse platea dictumst. Morbi vestibulum, velit id pretium iaculis, diam erat fermentum justo, nec condimentum neque sapien placerat ante. Nulla justo.",http://dummyimage.com/115x150.png/ff4444/ffffff,5,milliliter,27
b315c599-f0f7-47f4-b75a-3d06e59833b9,cinnamon,"In hac habitasse platea dictumst. Morbi vestibulum, velit id pretium iaculis, diam erat fermentum justo, nec condimentum neque sapien placerat ante. Nulla justo.",http://dummyimage.com/240x128.png/dddddd/000000,95,gram,8
1c1e2850-3c07-4a62-9ba5-546df32cff78,soy sauce,"Praesent blandit. Nam nulla. Integer pede justo, lacinia eget, tincidunt eget, tempus vel, pede.",http://dummyimage.com/241x207.png/cc0000/ffffff,68,pinch,19
76fa1704-b836-4592-8b36-21e93d022c0c,mayonnaise,"Cras mi pede, malesuada in, imperdiet et, commodo vulputate, justo. In blandit ultrices enim. Lorem ipsum dolor sit amet, consectetuer adipiscing elit.",http://dummyimage.com/130x160.png/dddddd/000000,93,kilogram,24
480274ce-e586-459c-a241-fd001e315c5f,milk,"Vestibulum ac est lacinia nisi venenatis tristique. Fusce congue, diam id ornare imperdiet, sapien urna pretium nisl, ut volutpat sapien arcu sed augue. Aliquam erat volutpat.",http://dummyimage.com/223x198.png/5fa2dd/ffffff,9,gram,55
77cb3392-8943-4e90-b24a-115d1d297c34,walnuts,"Praesent blandit. Nam nulla. Integer pede justo, lacinia eget, tincidunt eget, tempus vel, pede.",http://dummyimage.com/136x138.png/cc0000/ffffff,58,dash,29
0dea9bf7-ce2e-43e7-9593-a7d4991296c6,rice vinegar,"Proin interdum mauris non ligula pellentesque ultrices. Phasellus id sapien in sapien iaculis congue. Vivamus metus arcu, adipiscing molestie, hendrerit at, vulputate vitae, nisl.",http://dummyimage.com/207x146.png/dddddd/000000,23,dash,21
f6b98734-bf60-473e-813d-4378df1457c1,thyme,Pellentesque at nulla. Suspendisse potenti. Cras in purus eu magna vulputate luctus.,http://dummyimage.com/247x151.png/cc0000/ffffff,23,pinch,48
5c10ab0f-a698-48d6-a243-e31052201340,pepper,Fusce consequat. Nulla nisl. Nunc nisl.,http://dummyimage.com/136x250.png/dddddd/000000,10,pint,68
10c9bd27-1c70-443b-bc2d-9a064c5bcbb3,ketchup,"Vestibulum quam sapien, varius ut, blandit non, interdum in, ante. Vestibulum ante ipsum primis in faucibus orci luctus et ultrices posuere cubilia Curae; Duis faucibus accumsan odio. Curabitur convallis.",http://dummyimage.com/144x189.png/ff4444/ffffff,89,pint,55
97b6cd59-077a-4269-a86f-5401f21d7c1b,ginger,Etiam vel augue. Vestibulum rutrum rutrum neque. Aenean auctor gravida sem.,http://dummyimage.com/250x197.png/ff4444/ffffff,23,kilogram,18
3dfdd283-d314-4b1c-af98-86b9b7b4c3c6,sriracha,"Aenean fermentum. Donec ut mauris eget massa tempor convallis. Nulla neque libero, convallis eget, eleifend luctus, ultricies eu, nibh.",http://dummyimage.com/172x242.png/ff4444/ffffff,97,dash,57
0c7bcb40-9eab-41f4-a61b-0e7d2bee5147,soy sauce,Etiam vel augue. Vestibulum rutrum rutrum neque. Aenean auctor gravida sem.,http://dummyimage.com/200x178.png/ff4444/ffffff,54,pint,60
ca2dd05a-867e-4ed6-8ae3-544d6403ca08,onion,Duis consequat dui nec nisi volutpat eleifend. Donec ut dolor. Morbi vel lectus in quam fringilla rhoncus.,http://dummyimage.com/206x189.png/cc0000/ffffff,6,gallon,49
bce28682-6fc1-4e02-ac61-ef4bc14b80d1,eggs,Suspendisse potenti. In eleifend quam a odio. In hac habitasse platea dictumst.,http://dummyimage.com/231x229.png/ff4444/ffffff,35,teaspoon,50
65ce2d26-a8dc-4baf-bca9-c1699c9ab6fa,onion,"Proin leo odio, porttitor id, consequat in, consequat ut, nulla. Sed accumsan felis. Ut at dolor quis odio consequat varius.",http://dummyimage.com/172x189.png/5fa2dd/ffffff,73,fluid ounce,84
cf988cee-8081-4b3f-8dc6-f1eeee5287ec,molasses,"Nam ultrices, libero non mattis pulvinar, nulla pede ullamcorper augue, a suscipit nulla elit ac nulla. Sed vel enim sit amet nunc viverra dapibus. Nulla suscipit ligula in lacus.",http://dummyimage.com/129x241.png/cc0000/ffffff,58,dash,79
94155b72-6c37-4de3-ae96-2d23afdf50a8,garlic,Integer ac leo. Pellentesque ultrices mattis odio. Donec vitae nisi.,http://dummyimage.com/100x188.png/ff4444/ffffff,29,milliliter,62
a2a2de1f-75ba-4a26-84d6-fd8a840dcbf1,mirin,Nullam porttitor lacus at turpis. Donec posuere metus vitae ipsum. Aliquam non mauris.,http://dummyimage.com/199x219.png/5fa2dd/ffffff,13,dash,11
acfbebba-3e2a-4202-a034-fb3fa0e2f452,coriander,Integer ac leo. Pellentesque ultrices mattis odio. Donec vitae nisi.,http://dummyimage.com/147x140.png/ff4444/ffffff,75,dash,24
3ebb66ee-6135-4199-b37f-c35355f5a0d2,ginger,Integer tincidunt ante vel ipsum. Praesent blandit lacinia erat. Vestibulum sed magna at nunc commodo placerat.,http://dummyimage.com/244x182.png/dddddd/000000,62,pinch,83
beeee421-caf8-45ec-b518-995b264906b6,tomato,"Mauris enim leo, rhoncus sed, vestibulum sit amet, cursus id, turpis. Integer aliquet, massa id lobortis convallis, tortor risus dapibus augue, vel accumsan tellus nisi eu orci. Mauris lacinia sapien quis libero.",http://dummyimage.com/133x147.png/5fa2dd/ffffff,51,gram,15
9d150562-b609-4640-a55c-5ff6729a4cd0,honey,In congue. Etiam justo. Etiam pretium iaculis justo.,http://dummyimage.com/159x106.png/cc0000/ffffff,37,pint,20
c1d49321-d9ed-484a-bae5-57b6002e782b,lime,"Donec diam neque, vestibulum eget, vulputate ut, ultrices vel, augue. Vestibulum ante ipsum primis in faucibus orci luctus et ultrices posuere cubilia Curae",http://dummyimage.com/234x124.png/dddddd/000000,89,pinch,77
e1096515-2dc3-416a-be91-35f46ada589b,maple syrup,Duis consequat dui nec nisi volutpat eleifend. Donec ut dolor. Morbi vel lectus in quam fringilla rhoncus.,http://dummyimage.com/238x192.png/5fa2dd/ffffff,25,quart,83
b0a6b790-00ed-4a24-9f15-3906dfb57e48,soy sauce,Cras non velit nec nisi vulputate nonummy. Maecenas tincidunt lacus at velit. Vivamus vel nulla eget eros elementum pellentesque.,http://dummyimage.com/135x135.png/cc0000/ffffff,77,quart,1
8cea2ac6-1409-4dfe-90e0-3eee173c9289,garlic,Suspendisse potenti. In eleifend quam a odio. In hac habitasse platea dictumst.,http://dummyimage.com/213x100.png/dddddd/000000,83,gram,37
d4374e5b-1f23-4e2c-a7cb-4048eb4dfd75,butter,"Duis bibendum, felis sed interdum venenatis, turpis enim blandit mi, in porttitor pede justo eu massa. Donec dapibus. Duis at velit eu est congue elementum.",http://dummyimage.com/229x136.png/dddddd/000000,54,gram,19
b56f055a-d913-4b15-aa0c-187bca72f06a,lime,Nullam porttitor lacus at turpis. Donec posuere metus vitae ipsum. Aliquam non mauris.,http://dummyimage.com/111x197.png/ff4444/ffffff,6,gram,60
b5581b3d-5e8d-4e7b-ade3-0a3d16615a36,turmeric,"Mauris enim leo, rhoncus sed, vestibulum sit amet, cursus id, turpis. Integer aliquet, massa id lobortis convallis, tortor risus dapibus augue, vel accumsan tellus nisi eu orci. Mauris lacinia sapien quis libero.",http://dummyimage.com/123x242.png/cc0000/ffffff,47,pinch,2
65052bc4-d56c-426c-95fc-f76b1c047c91,lemon,"Sed sagittis. Nam congue, risus semper porta volutpat, quam pede lobortis ligula, sit amet eleifend pede libero quis orci. Nullam molestie nibh in lectus.",http://dummyimage.com/217x218.png/cc0000/ffffff,40,quart,73
d52b99ab-2ea0-4110-a52e-203ce8aabbe0,olive oil,Aenean lectus. Pellentesque eget nunc. Donec quis orci eget orci vehicula condimentum.,http://dummyimage.com/154x153.png/5fa2dd/ffffff,28,gram,74
264fc3a9-d6b9-44c2-97ae-b9019512dba6,coconut milk,"Aenean fermentum. Donec ut mauris eget massa tempor convallis. Nulla neque libero, convallis eget, eleifend luctus, ultricies eu, nibh.",http://dummyimage.com/241x220.png/5fa2dd/ffffff,33,fluid ounce,81
3c4663fb-99d7-4977-a994-4d462a498bcb,parsley,Cras non velit nec nisi vulputate nonummy. Maecenas tincidunt lacus at velit. Vivamus vel nulla eget eros elementum pellentesque.,http://dummyimage.com/131x127.png/dddddd/000000,50,teaspoon,91
0ac6d1dc-ecd2-44b1-a217-3730d463702b,flour,"Curabitur in libero ut massa volutpat convallis. Morbi odio odio, elementum eu, interdum eu, tincidunt in, leo. Maecenas pulvinar lobortis est.",http://dummyimage.com/137x105.png/dddddd/000000,52,teaspoon,6
f5e29972-92e9-40c1-82bd-0e2158920ca8,cayenne pepper,Duis bibendum. Morbi non quam nec dui luctus rutrum. Nulla tellus.,http://dummyimage.com/247x205.png/5fa2dd/ffffff,67,kilogram,63
b445e424-b4f9-4ac6-8ccf-5ba9573bcfb3,flour,"Morbi non lectus. Aliquam sit amet diam in magna bibendum imperdiet. Nullam orci pede, venenatis non, sodales sed, tincidunt eu, felis.",http://dummyimage.com/202x182.png/dddddd/000000,56,dash,90
3044e4fd-44fd-4111-a9bd-305e5325bc29,salt,In quis justo. Maecenas rhoncus aliquam lacus. Morbi quis tortor id nulla ultrices aliquet.,http://dummyimage.com/165x177.png/5fa2dd/ffffff,42,quart,90
880a1eda-805c-400d-8c58-1d2bf28a74fa,flour,"Aenean fermentum. Donec ut mauris eget massa tempor convallis. Nulla neque libero, convallis eget, eleifend luctus, ultricies eu, nibh.",http://dummyimage.com/200x178.png/5fa2dd/ffffff,41,pint,42
f1c300aa-fdd2-4f55-a3b2-65ccf798fcba,pecans,Phasellus sit amet erat. Nulla tempus. Vivamus in felis eu sapien cursus vestibulum.,http://dummyimage.com/144x219.png/cc0000/ffffff,23,quart,61
b6151ea8-c260-47d5-881a-fde1a357f32f,molasses,"Cras mi pede, malesuada in, imperdiet et, commodo vulputate, justo. In blandit ultrices enim. Lorem ipsum dolor sit amet, consectetuer adipiscing elit.",http://dummyimage.com/178x176.png/dddddd/000000,62,gram,31
c184f320-48ce-47e7-9930-f57e2d8a020e,cayenne pepper,"Maecenas tristique, est et tempus semper, est quam pharetra magna, ac consequat metus sapien ut nunc. Vestibulum ante ipsum primis in faucibus orci luctus et ultrices posuere cubilia Curae; Mauris viverra diam vitae quam. Suspendisse potenti.",http://dummyimage.com/131x213.png/cc0000/ffffff,9,quart,93
ae7b2b77-f1cb-432a-8d9c-e28a6a796b4d,chocolate chips,Duis bibendum. Morbi non quam nec dui luctus rutrum. Nulla tellus.,http://dummyimage.com/210x200.png/cc0000/ffffff,92,pint,28
09f750bc-b897-4712-aad9-e7a19297baec,mustard,"Donec diam neque, vestibulum eget, vulputate ut, ultrices vel, augue. Vestibulum ante ipsum primis in faucibus orci luctus et ultrices posuere cubilia Curae; Donec pharetra, magna vestibulum aliquet ultrices, erat tortor sollicitudin mi, sit amet lobortis sapien sapien non mi. Integer ac neque.",http://dummyimage.com/173x242.png/ff4444/ffffff,2,quart,8
6d044750-f205-4e55-b5dc-537a5879bb9c,butter,Duis bibendum. Morbi non quam nec dui luctus rutrum. Nulla tellus.,http://dummyimage.com/158x223.png/cc0000/ffffff,30,fluid ounce,21
228b54a4-f0d5-42d9-b789-93777d9efd6e,basil,"Curabitur at ipsum ac tellus semper interdum. Mauris ullamcorper purus sit amet nulla. Quisque arcu libero, rutrum ac, lobortis vel, dapibus at, diam.",http://dummyimage.com/180x153.png/ff4444/ffffff,47,teaspoon,72
ddfea8ad-0f47-41a4-9cce-f87c0adb76d1,almond extract,"Praesent blandit. Nam nulla. Integer pede justo, lacinia eget, tincidunt eget, tempus vel, pede.",http://dummyimage.com/171x185.png/dddddd/000000,6,gallon,10
784408fe-e184-4764-b980-374a931b614b,walnuts,"Donec diam neque, vestibulum eget, vulputate ut, ultrices vel, augue. Vestibulum ante ipsum primis in faucibus orci luctus et ultrices posuere cubilia Curae; Donec pharetra, magna vestibulum aliquet ultrices, erat tortor sollicitudin mi, sit amet lobortis sapien sapien non mi. Integer ac neque.",http://dummyimage.com/203x136.png/ff4444/ffffff,64,pinch,77
b8f8da2c-76ea-4cc8-8eef-8c5565dd5039,hot sauce,Cras non velit nec nisi vulputate nonummy. Maecenas tincidunt lacus at velit. Vivamus vel nulla eget eros elementum pellentesque.,http://dummyimage.com/116x182.png/cc0000/ffffff,46,gallon,11
ceb56501-4bcb-4c85-8512-ab8373abb3af,mayonnaise,"Sed sagittis. Nam congue, risus semper porta volutpat, quam pede lobortis ligula, sit amet eleifend pede libero quis orci. Nullam molestie nibh in lectus.",http://dummyimage.com/149x248.png/dddddd/000000,100,teaspoon,27
be286000-3067-443e-9af0-617e0beeab5c,butter,"Sed sagittis. Nam congue, risus semper porta volutpat, quam pede lobortis ligula, sit amet eleifend pede libero quis orci. Nullam molestie nibh in lectus.",http://dummyimage.com/147x230.png/5fa2dd/ffffff,19,quart,80
8bbf1698-f66f-4b36-a661-98d4316cc779,nutmeg,"In hac habitasse platea dictumst. Morbi vestibulum, velit id pretium iaculis, diam erat fermentum justo, nec condimentum neque sapien placerat ante. Nulla justo.",http://dummyimage.com/201x216.png/cc0000/ffffff,83,dash,36
ffc86662-f392-4e22-830e-e659a8a3c7ee,paprika,Pellentesque at nulla. Suspendisse potenti. Cras in purus eu magna vulputate luctus.,http://dummyimage.com/231x144.png/ff4444/ffffff,87,quart,71
c29e23b8-586f-4164-b49a-a7746940da01,mustard,"Vestibulum ac est lacinia nisi venenatis tristique. Fusce congue, diam id ornare imperdiet, sapien urna pretium nisl, ut volutpat sapien arcu sed augue. Aliquam erat volutpat.",http://dummyimage.com/139x218.png/ff4444/ffffff,98,dash,72
2fbb2393-5719-4b0a-8295-98bad5d595b4,coconut milk,Nullam porttitor lacus at turpis. Donec posuere metus vitae ipsum. Aliquam non mauris.,http://dummyimage.com/130x179.png/dddddd/000000,64,teaspoon,92
44f5bc34-be91-4df3-85c9-80c006cf4a5a,cinnamon,"Duis bibendum, felis sed interdum venenatis, turpis enim blandit mi, in porttitor pede justo eu massa. Donec dapibus. Duis at velit eu est congue elementum.",http://dummyimage.com/169x165.png/5fa2dd/ffffff,31,quart,3
de0c5ae0-e3d1-4ea6-a33e-d4192e095ec9,sesame oil,"In hac habitasse platea dictumst. Morbi vestibulum, velit id pretium iaculis, diam erat fermentum justo, nec condimentum neque sapien placerat ante. Nulla justo.",http://dummyimage.com/177x135.png/dddddd/000000,1,fluid ounce,57
d857c05e-fe4f-45ff-9e0d-98be15121704,lemon,"Quisque id justo sit amet sapien dignissim vestibulum. Vestibulum ante ipsum primis in faucibus orci luctus et ultrices posuere cubilia Curae; Nulla dapibus dolor vel est. Donec odio justo, sollicitudin ut, suscipit a, feugiat et, eros.",http://dummyimage.com/189x114.png/5fa2dd/ffffff,13,kilogram,7
12b0f01d-595e-48c4-8582-00492d11d853,mayonnaise,"Cum sociis natoque penatibus et magnis dis parturient montes, nascetur ridiculus mus. Vivamus vestibulum sagittis sapien. Cum sociis natoque penatibus et magnis dis parturient montes, nascetur ridiculus mus.",http://dummyimage.com/196x200.png/5fa2dd/ffffff,97,gallon,21
9a2ca68f-edd1-4bb1-b41f-5e2c35d1a5eb,lime,"Vestibulum quam sapien, varius ut, blandit non, interdum in, ante. Vestibulum ante ipsum primis in faucibus orci luctus et ultrices posuere cubilia Curae; Duis faucibus accumsan odio. Curabitur convallis.",http://dummyimage.com/234x239.png/dddddd/000000,34,gallon,54
5762e191-566b-496b-9a91-c6c4679b2186,mayonnaise,"Sed sagittis. Nam congue, risus semper porta volutpat, quam pede lobortis ligula, sit amet eleifend pede libero quis orci. Nullam molestie nibh in lectus.",http://dummyimage.com/177x107.png/5fa2dd/ffffff,64,pinch,24
b4880c50-8a61-48f6-b01a-4dcc81011ffb,rice vinegar,Duis aliquam convallis nunc. Proin at turpis a pede posuere nonummy. Integer non velit.,http://dummyimage.com/112x117.png/dddddd/000000,4,kilogram,17
6dc1b94d-3195-4653-8fc2-eb766e04a2d7,basil,"Praesent blandit. Nam nulla. Integer pede justo, lacinia eget, tincidunt eget, tempus vel, pede.",http://dummyimage.com/183x115.png/dddddd/000000,56,kilogram,22
54b52b90-dbbb-4544-baf4-00c3f464ab27,flour,"Curabitur at ipsum ac tellus semper interdum. Mauris ullamcorper purus sit amet nulla. Quisque arcu libero, rutrum ac, lobortis vel, dapibus at, diam.",http://dummyimage.com/214x156.png/cc0000/ffffff,20,kilogram,1
f0a9fb67-5994-4541-a592-20cc721af794,turmeric,Duis aliquam convallis nunc. Proin at turpis a pede posuere nonummy. Integer non velit.,http://dummyimage.com/143x232.png/5fa2dd/ffffff,35,dash,52
4c33450e-8055-4f61-b673-bcf10111e761,vanilla extract,"Mauris enim leo, rhoncus sed, vestibulum sit amet, cursus id, turpis. Integer aliquet, massa id lobortis convallis, tortor risus dapibus augue, vel accumsan tellus nisi eu orci. Mauris lacinia sapien quis libero.",http://dummyimage.com/197x135.png/ff4444/ffffff,81,teaspoon,33
8737f250-6ca4-4ad6-890d-90307d3664cb,nutmeg,Nullam porttitor lacus at turpis. Donec posuere metus vitae ipsum. Aliquam non mauris.,http://dummyimage.com/206x196.png/cc0000/ffffff,73,fluid ounce,97
e57861d4-41df-4520-bcad-d1bdbca87d2d,olive oil,"Fusce posuere felis sed lacus. Morbi sem mauris, laoreet ut, rhoncus aliquet, pulvinar sed, nisl. Nunc rhoncus dui vel sem.",http://dummyimage.com/215x150.png/ff4444/ffffff,87,quart,13
2d3ffafd-49a3-44f0-bc9b-aede26245327,olive oil,"Lorem ipsum dolor sit amet, consectetuer adipiscing elit. Proin risus. Praesent lectus.",http://dummyimage.com/202x100.png/dddddd/000000,88,pint,72
1c0071f8-f180-4bbe-9969-4fc38a4e1b3c,lemon,Sed ante. Vivamus tortor. Duis mattis egestas metus.,http://dummyimage.com/231x242.png/dddddd/000000,50,gram,75
a1d20e39-c4ae-4945-aaa2-718b1d654223,cumin,Praesent id massa id nisl venenatis lacinia. Aenean sit amet justo. Morbi ut odio.,http://dummyimage.com/235x127.png/cc0000/ffffff,83,milliliter,83
92416ef7-56b4-4868-b2ea-78f4e6f132fe,paprika,Phasellus in felis. Donec semper sapien a libero. Nam dui.,http://dummyimage.com/141x202.png/ff4444/ffffff,86,kilogram,22
6d026a53-32c8-49e3-b6a9-1dbde2dae07c,barbecue sauce,Integer tincidunt ante vel ipsum. Praesent blandit lacinia erat. Vestibulum sed magna at nunc commodo placerat.,http://dummyimage.com/209x154.png/dddddd/000000,55,milliliter,47
c5e0dec7-9f97-4141-8c1e-6f92501a161c,sugar,Aliquam quis turpis eget elit sodales scelerisque. Mauris sit amet eros. Suspendisse accumsan tortor quis turpis.,http://dummyimage.com/134x198.png/ff4444/ffffff,32,pinch,16
d33f719d-7d1f-40d8-8121-9e1c7bdcf74c,lime,"Lorem ipsum dolor sit amet, consectetuer adipiscing elit. Proin risus. Praesent lectus.",http://dummyimage.com/249x155.png/cc0000/ffffff,97,gallon,51
1cc79600-5f93-4a4f-b9d6-eec9b06c5d83,baking powder,"Nam ultrices, libero non mattis pulvinar, nulla pede ullamcorper augue, a suscipit nulla elit ac nulla. Sed vel enim sit amet nunc viverra dapibus. Nulla suscipit ligula in lacus.",http://dummyimage.com/250x116.png/ff4444/ffffff,65,kilogram,3
0817d20f-045b-4f4f-bdeb-cee2f0807517,walnuts,Nullam sit amet turpis elementum ligula vehicula consequat. Morbi a ipsum. Integer a nibh.,http://dummyimage.com/225x150.png/ff4444/ffffff,17,pinch,82
cfb504e6-9687-4c60-9a62-1babced9902e,cumin,"Cras mi pede, malesuada in, imperdiet et, commodo vulputate, justo. In blandit ultrices enim. Lorem ipsum dolor sit amet, consectetuer adipiscing elit.",http://dummyimage.com/219x182.png/cc0000/ffffff,13,gallon,73
37354c6b-a3c6-483f-b476-df831d82feda,basil,Etiam vel augue. Vestibulum rutrum rutrum neque. Aenean auctor gravida sem.,http://dummyimage.com/226x126.png/cc0000/ffffff,9,gallon,72
30c9c59f-9546-4fe6-a6fc-aae306f423fa,parsley,"Cras mi pede, malesuada in, imperdiet et, commodo vulputate, justo. In blandit ultrices enim. Lorem ipsum dolor sit amet, consectetuer adipiscing elit.",http://dummyimage.com/141x189.png/dddddd/000000,97,teaspoon,76
98ccecc8-611b-418f-89bb-0f958ba809b8,coconut milk,Duis consequat dui nec nisi volutpat eleifend. Donec ut dolor. Morbi vel lectus in quam fringilla rhoncus.,http://dummyimage.com/150x184.png/5fa2dd/ffffff,63,kilogram,70
da4caf6a-5fbf-438c-b8b2-4d5912f749ec,ketchup,Nullam sit amet turpis elementum ligula vehicula consequat. Morbi a ipsum. Integer a nibh.,http://dummyimage.com/233x100.png/dddddd/000000,49,fluid ounce,47
d3406eca-48c0-43a4-9f61-7aeb8dd8f814,tomato,Nullam porttitor lacus at turpis. Donec posuere metus vitae ipsum. Aliquam non mauris.,http://dummyimage.com/235x141.png/cc0000/ffffff,7,gallon,93
443e1565-5134-46a0-a46d-247ba3028f59,cocoa powder,In hac habitasse platea dictumst. Etiam faucibus cursus urna. Ut tellus.,http://dummyimage.com/250x165.png/ff4444/ffffff,96,pinch,6
fe252302-5bdd-4309-9e96-a57a40d2b8cf,soy sauce,Pellentesque at nulla. Suspendisse potenti. Cras in purus eu magna vulputate luctus.,http://dummyimage.com/110x116.png/cc0000/ffffff,28,milliliter,29
7ba3125b-40ee-4245-b16b-415b406eace6,lemon,"Curabitur gravida nisi at nibh. In hac habitasse platea dictumst. Aliquam augue quam, sollicitudin vitae, consectetuer eget, rutrum at, lorem.",http://dummyimage.com/211x123.png/cc0000/ffffff,90,quart,94
6a226e50-9e47-4b99-819c-0dac6b6d0485,coconut flakes,"Donec diam neque, vestibulum eget, vulputate ut, ultrices vel, augue. Vestibulum ante ipsum primis in faucibus orci luctus et ultrices posuere cubilia Curae; Donec pharetra, magna vestibulum aliquet ultrices, erat tortor sollicitudin mi, sit amet lobortis sapien sapien non mi. Integer ac neque.",http://dummyimage.com/126x239.png/ff4444/ffffff,20,teaspoon,5
b95cdfe4-864e-45ea-8c61-7433c4593c19,hot sauce,"Vestibulum ac est lacinia nisi venenatis tristique. Fusce congue, diam id ornare imperdiet, sapien urna pretium nisl, ut volutpat sapien arcu sed augue. Aliquam erat volutpat.",http://dummyimage.com/163x159.png/ff4444/ffffff,11,pint,50
c9f039bf-a4f7-487f-9e4d-fcf95c8ec9ed,olive oil,Duis bibendum. Morbi non quam nec dui luctus rutrum. Nulla tellus.,http://dummyimage.com/212x180.png/ff4444/ffffff,83,dash,81
36a442e9-4abc-4764-81a2-69e2ead099f6,mayonnaise,Aliquam quis turpis eget elit sodales scelerisque. Mauris sit amet eros. Suspendisse accumsan tortor quis turpis.,http://dummyimage.com/125x137.png/dddddd/000000,19,pinch,79
2605573d-3a9c-4cf3-966f-e6a4ca7ea6ab,coconut flakes,In congue. Etiam justo. Etiam pretium iaculis justo.,http://dummyimage.com/137x187.png/5fa2dd/ffffff,90,pinch,92
d01170f0-8884-4e4f-aed1-889bf44a7b85,onion,Aliquam quis turpis eget elit sodales scelerisque. Mauris sit amet eros. Suspendisse accumsan tortor quis turpis.,http://dummyimage.com/100x188.png/5fa2dd/ffffff,88,fluid ounce,37
d2395f11-992d-4ec5-a437-c01c15ca31d3,molasses,"Praesent blandit. Nam nulla. Integer pede justo, lacinia eget, tincidunt eget, tempus vel, pede.",http://dummyimage.com/148x174.png/dddddd/000000,38,pint,24
501f1c27-70ef-4398-bd90-9aeb5fa0c08b,parsley,Duis consequat dui nec nisi volutpat eleifend. Donec ut dolor. Morbi vel lectus in quam fringilla rhoncus.,http://dummyimage.com/220x194.png/5fa2dd/ffffff,97,teaspoon,62
77ffb225-cbc1-4eff-a09d-1e3b25155761,olive oil,"Curabitur in libero ut massa volutpat convallis. Morbi odio odio, elementum eu, interdum eu, tincidunt in, leo. Maecenas pulvinar lobortis est.",http://dummyimage.com/152x206.png/cc0000/ffffff,34,gram,30
c50aa622-8706-4d59-9694-b450e65a3898,sesame oil,"In sagittis dui vel nisl. Duis ac nibh. Fusce lacus purus, aliquet at, feugiat non, pretium quis, lectus.",http://dummyimage.com/123x103.png/dddddd/000000,44,dash,61
85e73196-750e-48e0-b7aa-06f73c3a018b,butter,Suspendisse potenti. In eleifend quam a odio. In hac habitasse platea dictumst.,http://dummyimage.com/136x155.png/dddddd/000000,31,milliliter,13
e9986bfc-2cb9-4330-bf0e-7a0483fbf67f,turmeric,Praesent id massa id nisl venenatis lacinia. Aenean sit amet justo. Morbi ut odio.,http://dummyimage.com/126x206.png/cc0000/ffffff,81,dash,68
113ca9da-96f3-4bc7-87c1-65a6c147b47a,thyme,"Maecenas tristique, est et tempus semper, est quam pharetra magna, ac consequat metus sapien ut nunc. Vestibulum ante ipsum primis in faucibus orci luctus et ultrices posuere cubilia Curae; Mauris viverra diam vitae quam. Suspendisse potenti.",http://dummyimage.com/142x206.png/5fa2dd/ffffff,51,quart,32
a5f2035c-adea-47be-ad1b-adf3814e7283,soy sauce,"Maecenas leo odio, condimentum id, luctus nec, molestie sed, justo. Pellentesque viverra pede ac diam. Cras pellentesque volutpat dui.",http://dummyimage.com/126x151.png/cc0000/ffffff,77,dash,2
3a0f093c-b474-40ce-82e5-7a3cbc3557f9,lemon,Integer ac leo. Pellentesque ultrices mattis odio. Donec vitae nisi.,http://dummyimage.com/128x127.png/cc0000/ffffff,49,dash,99
dd93104e-8c27-4e84-b689-c3aa6d06ddea,baking powder,In quis justo. Maecenas rhoncus aliquam lacus. Morbi quis tortor id nulla ultrices aliquet.,http://dummyimage.com/132x226.png/dddddd/000000,100,gallon,28
680144db-52c7-4bfa-90ac-36b17b75f001,ginger,"Vestibulum ac est lacinia nisi venenatis tristique. Fusce congue, diam id ornare imperdiet, sapien urna pretium nisl, ut volutpat sapien arcu sed augue. Aliquam erat volutpat.",http://dummyimage.com/227x215.png/cc0000/ffffff,33,pinch,20
7af4638f-b91d-4301-9fd8-531d4929e845,lemon,"Curabitur at ipsum ac tellus semper interdum. Mauris ullamcorper purus sit amet nulla. Quisque arcu libero, rutrum ac, lobortis vel, dapibus at, diam.",http://dummyimage.com/170x158.png/cc0000/ffffff,100,quart,54
9b0070bf-52f8-48af-8b93-2ee88f4bfad0,garlic,"Cum sociis natoque penatibus et magnis dis parturient montes, nascetur ridiculus mus. Vivamus vestibulum sagittis sapien. Cum sociis natoque penatibus et magnis dis parturient montes, nascetur ridiculus mus.",http://dummyimage.com/219x214.png/cc0000/ffffff,65,dash,85
